year,predicted_income
2021,42117.15916964039
2025,45431.01947053103
2023,43774.08932008571
2024,44602.554395308485
2027,47087.94962097658
2028,47916.414696199354
